{"cameraMode":{"drawMode":0,"name":"Shaded","section":"Shading Mode"},"sceneLighting":false,"audioPlay":false,"sceneViewState":{"m_AlwaysRefresh":false,"showFog":true,"showSkybox":false,"showFlares":true,"showImageEffects":true,"showParticleSystems":true,"showVisualEffectGraphs":true,"m_FxEnabled":true},"in2DMode":false,"pivot":{"x":0.0022799670696258547,"y":1.0125013589859009,"z":0.0010957010090351105},"rotation":{"x":0.38066399097442629,"y":0.5232782363891602,"z":-0.2810612618923187,"w":0.7087177634239197},"size":1.6700260639190674,"orthographic":false}