{"cameraMode":{"drawMode":0,"name":"Shaded","section":"Shading Mode"},"sceneLighting":false,"audioPlay":false,"sceneViewState":{"m_AlwaysRefresh":false,"showFog":true,"showSkybox":false,"showFlares":true,"showImageEffects":true,"showParticleSystems":true,"showVisualEffectGraphs":true,"m_FxEnabled":true},"in2DMode":false,"pivot":{"x":0.011726807802915573,"y":1.0031226873397828,"z":0.014345213770866394},"rotation":{"x":0.15061432123184205,"y":0.016307363286614419,"z":-0.0024814733769744636,"w":0.9884604215621948},"size":0.8887125253677368,"orthographic":false}